object name,library name,text,rodata,data,bss,code,flash,ram
hal_delay.c.obj,lib\libhal.a,112,0,0,0,112,112,0
hal_chip_armv7a.c.obj,lib\libhal.a,1074,0,8,657,1074,1082,665
osi_blue_screen.c.obj,lib\libkernel.a,348,0,0,146,348,348,146
osi_irq_gic.c.obj,lib\libkernel.a,1048,0,0,1896,1048,1048,1896
osi_profile.c.obj,lib\libkernel.a,480,0,0,49172,480,480,49172
drv_spi_flash.c.obj,lib\libdriver.a,1530,67,136,8,1597,1733,144
hal_spi_flash.c.obj,lib\libhal.a,2450,25,0,8,2475,2475,8
hal_wdt.c.obj,lib\libhal.a,116,0,0,0,116,116,0
lib_a-access.o,..\..\components\newlib\newlib-3.1.0\armca5\libc.a,44,0,0,0,44,44,0
lib_a-atof.o,..\..\components\newlib\newlib-3.1.0\armca5\libc.a,6,0,0,0,6,6,0
lib_a-atoi.o,..\..\components\newlib\newlib-3.1.0\armca5\libc.a,8,0,0,0,8,8,0
lib_a-atol.o,..\..\components\newlib\newlib-3.1.0\armca5\libc.a,8,0,0,0,8,8,0
lib_a-bsearch.o,..\..\components\newlib\newlib-3.1.0\armca5\libc.a,70,0,0,0,70,70,0
lib_a-ctype_.o,..\..\components\newlib\newlib-3.1.0\armca5\libc.a,0,257,0,0,257,257,0
lib_a-div.o,..\..\components\newlib\newlib-3.1.0\armca5\libc.a,48,0,0,0,48,48,0
lib_a-dtoa.o,..\..\components\newlib\newlib-3.1.0\armca5\libc.a,2934,13,0,0,2947,2947,0
lib_a-envlock.o,..\..\components\newlib\newlib-3.1.0\armca5\libc.a,24,0,0,0,24,24,0
lib_a-errno.o,..\..\components\newlib\newlib-3.1.0\armca5\libc.a,8,0,0,0,8,8,0
lib_a-fclose.o,..\..\components\newlib\newlib-3.1.0\armca5\libc.a,186,0,0,0,186,186,0
lib_a-fflush.o,..\..\components\newlib\newlib-3.1.0\armca5\libc.a,402,0,0,0,402,402,0
lib_a-findfp.o,..\..\components\newlib\newlib-3.1.0\armca5\libc.a,404,0,0,0,404,404,0
lib_a-flags.o,..\..\components\newlib\newlib-3.1.0\armca5\libc.a,108,0,0,0,108,108,0
lib_a-fopen.o,..\..\components\newlib\newlib-3.1.0\armca5\libc.a,190,0,0,0,190,190,0
lib_a-fputc.o,..\..\components\newlib\newlib-3.1.0\armca5\libc.a,92,0,0,0,92,92,0
lib_a-fputwc.o,..\..\components\newlib\newlib-3.1.0\armca5\libc.a,212,0,0,0,212,212,0
lib_a-fread.o,..\..\components\newlib\newlib-3.1.0\armca5\libc.a,242,0,0,0,242,242,0
lib_a-fseek.o,..\..\components\newlib\newlib-3.1.0\armca5\libc.a,30,0,0,0,30,30,0
lib_a-fseeko.o,..\..\components\newlib\newlib-3.1.0\armca5\libc.a,664,0,0,0,664,664,0
lib_a-ftell.o,..\..\components\newlib\newlib-3.1.0\armca5\libc.a,18,0,0,0,18,18,0
lib_a-ftello.o,..\..\components\newlib\newlib-3.1.0\armca5\libc.a,192,0,0,0,192,192,0
lib_a-fvwrite.o,..\..\components\newlib\newlib-3.1.0\armca5\libc.a,660,0,0,0,660,660,0
lib_a-fwalk.o,..\..\components\newlib\newlib-3.1.0\armca5\libc.a,124,0,0,0,124,124,0
lib_a-fwrite.o,..\..\components\newlib\newlib-3.1.0\armca5\libc.a,186,0,0,0,186,186,0
lib_a-gdtoa-gethex.o,..\..\components\newlib\newlib-3.1.0\armca5\libc.a,1316,0,0,0,1316,1316,0
lib_a-gdtoa-hexnan.o,..\..\components\newlib\newlib-3.1.0\armca5\libc.a,388,0,0,0,388,388,0
lib_a-getenv.o,..\..\components\newlib\newlib-3.1.0\armca5\libc.a,20,0,0,0,20,20,0
lib_a-getenv_r.o,..\..\components\newlib\newlib-3.1.0\armca5\libc.a,130,0,0,0,130,130,0
lib_a-getreent.o,..\..\components\newlib\newlib-3.1.0\armca5\libc.a,12,0,0,0,12,12,0
lib_a-gettzinfo.o,..\..\components\newlib\newlib-3.1.0\armca5\libc.a,8,0,88,0,8,96,88
lib_a-gmtime.o,..\..\components\newlib\newlib-3.1.0\armca5\libc.a,22,0,0,0,22,22,0
lib_a-gmtime_r.o,..\..\components\newlib\newlib-3.1.0\armca5\libc.a,412,0,0,0,412,412,0
lib_a-impure.o,..\..\components\newlib\newlib-3.1.0\armca5\libc.a,0,4,1068,0,4,1072,1068
lib_a-iswspace.o,..\..\components\newlib\newlib-3.1.0\armca5\libc.a,6,0,0,0,6,6,0
lib_a-iswspace_l.o,..\..\components\newlib\newlib-3.1.0\armca5\libc.a,20,0,0,0,20,20,0
lib_a-lnumeric.o,..\..\components\newlib\newlib-3.1.0\armca5\libc.a,0,15,2,0,15,17,2
lib_a-locale.o,..\..\components\newlib\newlib-3.1.0\armca5\libc.a,12,8,364,0,20,384,364
lib_a-localeconv.o,..\..\components\newlib\newlib-3.1.0\armca5\libc.a,8,0,0,0,8,8,0
lib_a-lock.o,..\..\components\newlib\newlib-3.1.0\armca5\libc.a,12,0,0,9,12,12,9
lib_a-makebuf.o,..\..\components\newlib\newlib-3.1.0\armca5\libc.a,210,0,0,0,210,210,0
lib_a-mbrtowc.o,..\..\components\newlib\newlib-3.1.0\armca5\libc.a,52,1,0,0,53,53,0
lib_a-mbtowc_r.o,..\..\components\newlib\newlib-3.1.0\armca5\libc.a,36,0,0,0,36,36,0
lib_a-memchr.o,..\..\components\newlib\newlib-3.1.0\armca5\libc.a,232,0,0,0,232,232,0
lib_a-memcmp.o,..\..\components\newlib\newlib-3.1.0\armca5\libc.a,92,0,0,0,92,92,0
lib_a-memcpy-stub.o,..\..\components\newlib\newlib-3.1.0\armca5\libc.a,200,0,0,0,200,200,0
lib_a-memmove.o,..\..\components\newlib\newlib-3.1.0\armca5\libc.a,212,0,0,0,212,212,0
lib_a-memset.o,..\..\components\newlib\newlib-3.1.0\armca5\libc.a,168,0,0,0,168,168,0
lib_a-mktime.o,..\..\components\newlib\newlib-3.1.0\armca5\libc.a,1212,96,0,0,1308,1308,0
lib_a-month_lengths.o,..\..\components\newlib\newlib-3.1.0\armca5\libc.a,0,96,0,0,96,96,0
lib_a-mprec.o,..\..\components\newlib\newlib-3.1.0\armca5\libc.a,2090,252,0,0,2342,2342,0
lib_a-printf.o,..\..\components\newlib\newlib-3.1.0\armca5\libc.a,36,0,0,0,36,36,0
lib_a-putc.o,..\..\components\newlib\newlib-3.1.0\armca5\libc.a,104,0,0,0,104,104,0
lib_a-qsort.o,..\..\components\newlib\newlib-3.1.0\armca5\libc.a,808,0,0,0,808,808,0
lib_a-rand.o,..\..\components\newlib\newlib-3.1.0\armca5\libc.a,76,0,0,0,76,76,0
lib_a-reent.o,..\..\components\newlib\newlib-3.1.0\armca5\libc.a,146,0,0,0,146,146,0
lib_a-refill.o,..\..\components\newlib\newlib-3.1.0\armca5\libc.a,278,0,0,0,278,278,0
lib_a-s_frexp.o,..\..\components\newlib\newlib-3.1.0\armca5\libc.a,112,0,0,0,112,112,0
lib_a-s_nan.o,..\..\components\newlib\newlib-3.1.0\armca5\libc.a,16,0,0,0,16,16,0
lib_a-sccl.o,..\..\components\newlib\newlib-3.1.0\armca5\libc.a,116,0,0,0,116,116,0
lib_a-sf_nan.o,..\..\components\newlib\newlib-3.1.0\armca5\libc.a,12,0,0,0,12,12,0
lib_a-siscanf.o,..\..\components\newlib\newlib-3.1.0\armca5\libc.a,80,0,0,0,80,80,0
lib_a-snprintf.o,..\..\components\newlib\newlib-3.1.0\armca5\libc.a,102,0,0,0,102,102,0
lib_a-sprintf.o,..\..\components\newlib\newlib-3.1.0\armca5\libc.a,64,0,0,0,64,64,0
lib_a-sscanf.o,..\..\components\newlib\newlib-3.1.0\armca5\libc.a,80,0,0,0,80,80,0
lib_a-stdio.o,..\..\components\newlib\newlib-3.1.0\armca5\libc.a,140,0,0,0,140,140,0
lib_a-strcasecmp.o,..\..\components\newlib\newlib-3.1.0\armca5\libc.a,68,0,0,0,68,68,0
lib_a-strcat.o,..\..\components\newlib\newlib-3.1.0\armca5\libc.a,64,0,0,0,64,64,0
lib_a-strchr.o,..\..\components\newlib\newlib-3.1.0\armca5\libc.a,208,0,0,0,208,208,0
lib_a-strcmp.o,..\..\components\newlib\newlib-3.1.0\armca5\libc.a,732,0,0,0,732,732,0
lib_a-strcpy.o,..\..\components\newlib\newlib-3.1.0\armca5\libc.a,196,0,0,0,196,196,0
lib_a-strcspn.o,..\..\components\newlib\newlib-3.1.0\armca5\libc.a,48,0,0,0,48,48,0
lib_a-strdup.o,..\..\components\newlib\newlib-3.1.0\armca5\libc.a,20,0,0,0,20,20,0
lib_a-strdup_r.o,..\..\components\newlib\newlib-3.1.0\armca5\libc.a,36,0,0,0,36,36,0
lib_a-strerror.o,..\..\components\newlib\newlib-3.1.0\armca5\libc.a,1156,1792,0,0,2948,2948,0
lib_a-strlen.o,..\..\components\newlib\newlib-3.1.0\armca5\libc.a,220,0,0,0,220,220,0
lib_a-strncasecmp.o,..\..\components\newlib\newlib-3.1.0\armca5\libc.a,84,0,0,0,84,84,0
lib_a-strncat.o,..\..\components\newlib\newlib-3.1.0\armca5\libc.a,92,0,0,0,92,92,0
lib_a-strncmp.o,..\..\components\newlib\newlib-3.1.0\armca5\libc.a,132,0,0,0,132,132,0
lib_a-strncpy.o,..\..\components\newlib\newlib-3.1.0\armca5\libc.a,116,0,0,0,116,116,0
lib_a-strndup.o,..\..\components\newlib\newlib-3.1.0\armca5\libc.a,24,0,0,0,24,24,0
lib_a-strndup_r.o,..\..\components\newlib\newlib-3.1.0\armca5\libc.a,64,0,0,0,64,64,0
lib_a-strnlen.o,..\..\components\newlib\newlib-3.1.0\armca5\libc.a,44,0,0,0,44,44,0
lib_a-strpbrk.o,..\..\components\newlib\newlib-3.1.0\armca5\libc.a,56,0,0,0,56,56,0
lib_a-strrchr.o,..\..\components\newlib\newlib-3.1.0\armca5\libc.a,36,0,0,0,36,36,0
lib_a-strspn.o,..\..\components\newlib\newlib-3.1.0\armca5\libc.a,48,0,0,0,48,48,0
lib_a-strstr.o,..\..\components\newlib\newlib-3.1.0\armca5\libc.a,1092,0,0,0,1092,1092,0
lib_a-strtod.o,..\..\components\newlib\newlib-3.1.0\armca5\libc.a,3048,98,0,0,3146,3146,0
lib_a-strtok.o,..\..\components\newlib\newlib-3.1.0\armca5\libc.a,28,0,0,0,28,28,0
lib_a-strtok_r.o,..\..\components\newlib\newlib-3.1.0\armca5\libc.a,112,0,0,0,112,112,0
lib_a-strtol.o,..\..\components\newlib\newlib-3.1.0\armca5\libc.a,266,0,0,0,266,266,0
lib_a-strtoll.o,..\..\components\newlib\newlib-3.1.0\armca5\libc.a,330,0,0,0,330,330,0
lib_a-strtoul.o,..\..\components\newlib\newlib-3.1.0\armca5\libc.a,274,0,0,0,274,274,0
lib_a-strtoull.o,..\..\components\newlib\newlib-3.1.0\armca5\libc.a,338,0,0,0,338,338,0
lib_a-svfiprintf.o,..\..\components\newlib\newlib-3.1.0\armca5\libc.a,234,0,0,0,234,234,0
lib_a-svfiscanf.o,..\..\components\newlib\newlib-3.1.0\armca5\libc.a,4158,34,0,0,4192,4192,0
lib_a-svfprintf.o,..\..\components\newlib\newlib-3.1.0\armca5\libc.a,4884,78,0,0,4962,4962,0
lib_a-svfscanf.o,..\..\components\newlib\newlib-3.1.0\armca5\libc.a,4796,39,0,0,4835,4835,0
lib_a-time.o,..\..\components\newlib\newlib-3.1.0\armca5\libc.a,38,0,0,0,38,38,0
lib_a-tzcalc_limits.o,..\..\components\newlib\newlib-3.1.0\armca5\libc.a,340,0,0,0,340,340,0
lib_a-tzlock.o,..\..\components\newlib\newlib-3.1.0\armca5\libc.a,24,0,0,0,24,24,0
lib_a-tzset.o,..\..\components\newlib\newlib-3.1.0\armca5\libc.a,14,0,0,0,14,14,0
lib_a-tzset_r.o,..\..\components\newlib\newlib-3.1.0\armca5\libc.a,772,56,0,26,828,828,26
lib_a-tzvars.o,..\..\components\newlib\newlib-3.1.0\armca5\libc.a,0,4,8,8,4,12,16
lib_a-u_strerr.o,..\..\components\newlib\newlib-3.1.0\armca5\libc.a,4,0,0,0,4,4,0
lib_a-ungetc.o,..\..\components\newlib\newlib-3.1.0\armca5\libc.a,112,0,0,0,112,112,0
lib_a-vfiprintf.o,..\..\components\newlib\newlib-3.1.0\armca5\libc.a,104,0,0,0,104,104,0
lib_a-vfprintf.o,..\..\components\newlib\newlib-3.1.0\armca5\libc.a,5200,91,0,0,5291,5291,0
lib_a-vsnprintf.o,..\..\components\newlib\newlib-3.1.0\armca5\libc.a,118,0,0,0,118,118,0
lib_a-vsscanf.o,..\..\components\newlib\newlib-3.1.0\armca5\libc.a,98,0,0,0,98,98,0
lib_a-wbuf.o,..\..\components\newlib\newlib-3.1.0\armca5\libc.a,146,0,0,0,146,146,0
lib_a-wcrtomb.o,..\..\components\newlib\newlib-3.1.0\armca5\libc.a,44,0,0,0,44,44,0
lib_a-wctomb_r.o,..\..\components\newlib\newlib-3.1.0\armca5\libc.a,26,0,0,0,26,26,0
lib_a-wsetup.o,..\..\components\newlib\newlib-3.1.0\armca5\libc.a,170,0,0,0,170,170,0
lib_a-xpg_strerror_r.o,..\..\components\newlib\newlib-3.1.0\armca5\libc.a,96,0,0,0,96,96,0
ql_power.c.obj,..\..\components\ql-kernel\libs\liboql_api_power.a,3946,839,56,41,4785,4841,97
quec_modem_interface.c.obj,..\..\components\ql-kernel\libs\libq_modem.a,860,285,0,32,1145,1145,32
ql_adc.c.obj,..\..\components\ql-kernel\libs\libql_api_adc.a,400,45,2,0,445,447,2
ql_api_camera.c.obj,..\..\components\ql-kernel\libs\libql_api_camera.a,2856,529,0,28,3385,3385,28
ql_log.c.obj,..\..\components\ql-kernel\libs\libql_api_common.a,648,114,1,113,762,763,114
ql_api_datacall.c.obj,..\..\components\ql-kernel\libs\libql_api_datacall.a,13836,3052,126,1602,16888,17014,1728
ql_api_dev.c.obj,..\..\components\ql-kernel\libs\libql_api_dev.a,2096,414,11,4,2510,2521,15
ql_api_fota.c.obj,..\..\components\ql-kernel\libs\libql_api_fota.a,2208,791,2,0,2999,3001,2
ql_fs.c.obj,..\..\components\ql-kernel\libs\libql_api_fs.a,6044,1250,0,0,7294,7294,0
ql_fs_handler.c.obj,..\..\components\ql-kernel\libs\libql_api_fs.a,3352,752,188,20,4104,4292,208
ql_ftp_client.c.obj,..\..\components\ql-kernel\libs\libql_api_ftp.a,3802,234,0,0,4036,4036,0
ql_ftp_parse.c.obj,..\..\components\ql-kernel\libs\libql_api_ftp.a,3378,510,8,0,3888,3896,8
ql_gpio.c.obj,..\..\components\ql-kernel\libs\libql_api_gpio.a,3096,316,0,384,3412,3412,384
ql_http_client.c.obj,..\..\components\ql-kernel\libs\libql_api_http.a,2764,210,0,4,2974,2974,4
ql_i2c.c.obj,..\..\components\ql-kernel\libs\libql_api_i2c.a,1464,140,36,0,1604,1640,36
ql_keypad.c.obj,..\..\components\ql-kernel\libs\libql_api_keypad.a,456,100,36,0,556,592,36
ql_lcd.c.obj,..\..\components\ql-kernel\libs\libql_api_lcd.a,4030,298,5,14,4328,4333,19
ql_mqttclient.c.obj,..\..\components\ql-kernel\libs\libql_api_mqtt.a,3584,283,0,24,3867,3867,24
ql_nvitem.c.obj,..\..\components\ql-kernel\libs\libql_api_nvitem.a,1232,273,0,0,1505,1505,0
ql_api_nw.c.obj,..\..\components\ql-kernel\libs\libql_api_nw.a,17040,6990,223,1120,24030,24253,1343
ql_api_plmnlist.c.obj,..\..\components\ql-kernel\libs\libql_api_nw.a,268,3417,156,0,3685,3841,156
ql_api_osi.c.obj,..\..\components\ql-kernel\libs\libql_api_osi.a,4624,438,8,36,5062,5070,44
quec_event.c.obj,..\..\components\ql-kernel\libs\libql_api_osi.a,2470,869,4,20,3339,3343,24
ql_led.c.obj,..\..\components\ql-kernel\libs\libql_api_pwm.a,164,0,0,5,164,164,5
ql_pwm.c.obj,..\..\components\ql-kernel\libs\libql_api_pwm.a,496,118,192,0,614,806,192
ql_api_rtc.c.obj,..\..\components\ql-kernel\libs\libql_api_rtc.a,1552,311,76,28,1863,1939,104
ql_api_sim.c.obj,..\..\components\ql-kernel\libs\libql_api_sim.a,4922,853,50,12,5775,5825,62
ql_api_sms.c.obj,..\..\components\ql-kernel\libs\libql_api_sms.a,7418,678,0,20,8096,8096,20
ql_sms_utf.c.obj,..\..\components\ql-kernel\libs\libql_api_sms.a,1310,280,0,0,1590,1590,0
ql_api_spi.c.obj,..\..\components\ql-kernel\libs\libql_api_spi.a,3624,532,0,96,4156,4156,96
ql_api_spi6_ext_nor_flash.c.obj,..\..\components\ql-kernel\libs\libql_api_spi6_ext_nor_flash.a,108,16,0,0,124,124,0
ql_api_spi_flash.c.obj,..\..\components\ql-kernel\libs\libql_api_spi_flash.a,280,76,0,20,356,356,20
ql_api_spi_nand_flash.c.obj,..\..\components\ql-kernel\libs\libql_api_spi_nand_flash.a,1792,188,32,0,1980,2012,32
ql_api_spi_nor_flash.c.obj,..\..\components\ql-kernel\libs\libql_api_spi_nor_flash.a,2442,270,8,12,2712,2720,20
ql_uart.c.obj,..\..\components\ql-kernel\libs\libql_api_uart.a,4884,1106,84,276,5990,6074,360
ql_usb.c.obj,..\..\components\ql-kernel\libs\libql_api_usb.a,806,268,24,16,1074,1098,40
ql_api_virt_at.c.obj,..\..\components\ql-kernel\libs\libql_api_virt_at.a,1364,256,0,44,1620,1620,44
ql_wifi_scan.c.obj,..\..\components\ql-kernel\libs\libql_api_wifiscan.a,4054,923,56,8,4977,5033,64
ql_ssl_ctx.c.obj,..\..\components\ql-kernel\libs\libql_apptcpip.a,1454,0,0,4992,1454,1454,4992
quec_at_app_init.c.obj,..\..\components\ql-kernel\libs\libql_at.a,8,0,0,0,8,8,0
quec_atcmd_general.c.obj,..\..\components\ql-kernel\libs\libql_at.a,9464,2315,373,16,11779,12152,389
quec_atcmd_hw.c.obj,..\..\components\ql-kernel\libs\libql_at.a,1236,218,0,0,1454,1454,0
quec_atcmd_network.c.obj,..\..\components\ql-kernel\libs\libql_at.a,17390,3166,24,1480,20556,20580,1504
quec_atcmd_qcfg.c.obj,..\..\components\ql-kernel\libs\libql_at.a,7224,2420,265,2,9644,9909,267
quec_atcmd_qdbgcfg.c.obj,..\..\components\ql-kernel\libs\libql_at.a,4718,1352,289,19,6070,6359,308
quec_atcmd_sim.c.obj,..\..\components\ql-kernel\libs\libql_at.a,1140,267,0,0,1407,1407,0
quec_atcmd_spi6nor.c.obj,..\..\components\ql-kernel\libs\libql_at.a,152,37,0,0,189,189,0
quec_msg_process.c.obj,..\..\components\ql-kernel\libs\libql_at.a,516,138,0,8,654,654,8
quec_at_engine.c.obj,..\..\components\ql-kernel\libs\libql_at_table.a,168,17,0,0,185,185,0
quec_at_param.c.obj,..\..\components\ql-kernel\libs\libql_at_table.a,1908,1,0,0,1909,1909,0
quec_atc_adapter.c.obj,..\..\components\ql-kernel\libs\libql_at_table.a,104,0,0,0,104,104,0
quec_atc_parser.c.obj,..\..\components\ql-kernel\libs\libql_at_table.a,5632,6111,0,3804,11743,11743,3804
quec_atresp.c.obj,..\..\components\ql-kernel\libs\libql_at_table.a,1352,5057,0,16,6409,6409,16
quec_data_engine.c.obj,..\..\components\ql-kernel\libs\libql_at_table.a,1904,416,0,40,2320,2320,40
quec_camera.c.obj,..\..\components\ql-kernel\libs\libql_bsp.a,480,61,9,1,541,550,10
quec_dispatch.c.obj,..\..\components\ql-kernel\libs\libql_bsp.a,1446,191,0,4,1637,1637,4
quec_led_task.c.obj,..\..\components\ql-kernel\libs\libql_bsp.a,356,89,8,4,445,453,12
base64.c.obj,..\..\components\ql-kernel\libs\libql_curl.a,552,89,0,0,641,641,0
conncache.c.obj,..\..\components\ql-kernel\libs\libql_curl.a,1436,182,0,0,1618,1618,0
connect.c.obj,..\..\components\ql-kernel\libs\libql_curl.a,3648,782,0,0,4430,4430,0
content_encoding.c.obj,..\..\components\ql-kernel\libs\libql_curl.a,4,0,0,0,4,4,0
curl_addrinfo.c.obj,..\..\components\ql-kernel\libs\libql_curl.a,730,0,0,0,730,730,0
curl_ctype.c.obj,..\..\components\ql-kernel\libs\libql_curl.a,208,128,0,0,336,336,0
curl_fnmatch.c.obj,..\..\components\ql-kernel\libs\libql_curl.a,1076,49,0,0,1125,1125,0
curl_path.c.obj,..\..\components\ql-kernel\libs\libql_curl.a,576,9,0,0,585,585,0
curl_range.c.obj,..\..\components\ql-kernel\libs\libql_curl.a,272,144,0,0,416,416,0
dotdot.c.obj,..\..\components\ql-kernel\libs\libql_curl.a,356,28,0,0,384,384,0
dynbuf.c.obj,..\..\components\ql-kernel\libs\libql_curl.a,540,0,0,0,540,540,0
easy.c.obj,..\..\components\ql-kernel\libs\libql_curl.a,590,127,20,4,717,737,24
escape.c.obj,..\..\components\ql-kernel\libs\libql_curl.a,286,0,0,0,286,286,0
fileinfo.c.obj,..\..\components\ql-kernel\libs\libql_curl.a,52,0,0,0,52,52,0
ftp.c.obj,..\..\components\ql-kernel\libs\libql_curl.a,12764,4074,0,0,16838,16838,0
ftplistparser.c.obj,..\..\components\ql-kernel\libs\libql_curl.a,2492,54,0,0,2546,2546,0
getenv.c.obj,..\..\components\ql-kernel\libs\libql_curl.a,32,0,0,0,32,32,0
getinfo.c.obj,..\..\components\ql-kernel\libs\libql_curl.a,1988,59,0,0,2047,2047,0
hash.c.obj,..\..\components\ql-kernel\libs\libql_curl.a,656,0,0,0,656,656,0
hostip.c.obj,..\..\components\ql-kernel\libs\libql_curl.a,1898,404,0,0,2302,2302,0
hostip6.c.obj,..\..\components\ql-kernel\libs\libql_curl.a,252,33,0,0,285,285,0
http_proxy.c.obj,..\..\components\ql-kernel\libs\libql_curl.a,2,0,0,0,2,2,0
if2ip.c.obj,..\..\components\ql-kernel\libs\libql_curl.a,138,0,0,0,138,138,0
inet_ntop.c.obj,..\..\components\ql-kernel\libs\libql_curl.a,464,24,0,0,488,488,0
inet_pton.c.obj,..\..\components\ql-kernel\libs\libql_curl.a,440,45,0,0,485,485,0
libssh2.c.obj,..\..\components\ql-kernel\libs\libql_curl.a,11466,5622,0,0,17088,17088,0
llist.c.obj,..\..\components\ql-kernel\libs\libql_curl.a,192,0,0,0,192,192,0
mbedtls.c.obj,..\..\components\ql-kernel\libs\libql_curl.a,3158,1466,0,0,4624,4624,0
mprintf.c.obj,..\..\components\ql-kernel\libs\libql_curl.a,3500,91,0,0,3591,3591,0
multi.c.obj,..\..\components\ql-kernel\libs\libql_curl.a,8562,1077,0,0,9639,9639,0
nonblock.c.obj,..\..\components\ql-kernel\libs\libql_curl.a,28,0,0,0,28,28,0
parsedate.c.obj,..\..\components\ql-kernel\libs\libql_curl.a,1110,1140,0,0,2250,2250,0
pingpong.c.obj,..\..\components\ql-kernel\libs\libql_curl.a,1338,239,0,0,1577,1577,0
progress.c.obj,..\..\components\ql-kernel\libs\libql_curl.a,1746,19,0,0,1765,1765,0
quectel_curl_io.c.obj,..\..\components\ql-kernel\libs\libql_curl.a,306,105,0,4,411,411,4
select.c.obj,..\..\components\ql-kernel\libs\libql_curl.a,872,0,0,0,872,872,0
sendf.c.obj,..\..\components\ql-kernel\libs\libql_curl.a,1280,183,0,0,1463,1463,0
setopt.c.obj,..\..\components\ql-kernel\libs\libql_curl.a,6780,1,0,0,6781,6781,0
share.c.obj,..\..\components\ql-kernel\libs\libql_curl.a,72,0,0,0,72,72,0
slist.c.obj,..\..\components\ql-kernel\libs\libql_curl.a,144,0,0,0,144,144,0
socketpair.c.obj,..\..\components\ql-kernel\libs\libql_curl.a,6,0,0,0,6,6,0
socks.c.obj,..\..\components\ql-kernel\libs\libql_curl.a,2926,2743,0,0,5669,5669,0
speedcheck.c.obj,..\..\components\ql-kernel\libs\libql_curl.a,188,77,0,0,265,265,0
splay.c.obj,..\..\components\ql-kernel\libs\libql_curl.a,624,32,0,0,656,656,0
strcase.c.obj,..\..\components\ql-kernel\libs\libql_curl.a,166,0,0,0,166,166,0
strdup.c.obj,..\..\components\ql-kernel\libs\libql_curl.a,44,0,0,0,44,44,0
strerror.c.obj,..\..\components\ql-kernel\libs\libql_curl.a,152,3742,0,0,3894,3894,0
strtoofft.c.obj,..\..\components\ql-kernel\libs\libql_curl.a,112,0,0,0,112,112,0
timeval.c.obj,..\..\components\ql-kernel\libs\libql_curl.a,254,0,0,0,254,254,0
transfer.c.obj,..\..\components\ql-kernel\libs\libql_curl.a,4126,1067,0,0,5193,5193,0
url.c.obj,..\..\components\ql-kernel\libs\libql_curl.a,10814,1753,0,0,12567,12567,0
urlapi.c.obj,..\..\components\ql-kernel\libs\libql_curl.a,4722,261,0,0,4983,4983,0
vtls.c.obj,..\..\components\ql-kernel\libs\libql_curl.a,3546,389,12,209,3935,3947,221
warnless.c.obj,..\..\components\ql-kernel\libs\libql_curl.a,102,0,0,0,102,102,0
wildcard.c.obj,..\..\components\ql-kernel\libs\libql_curl.a,102,0,0,0,102,102,0
quec_sfs_file.c.obj,..\..\components\ql-kernel\libs\libql_file.a,5422,587,16,0,6009,6025,16
quec_vfs_file.c.obj,..\..\components\ql-kernel\libs\libql_file.a,448,97,0,0,545,545,0
quec_ftp_client_c.c.obj,..\..\components\ql-kernel\libs\libql_ftp.a,13680,1933,0,0,15613,15613,0
quec_http_client.c.obj,..\..\components\ql-kernel\libs\libql_http.a,16228,2362,90,13,18590,18680,103
ql_lbs_client.c.obj,..\..\components\ql-kernel\libs\libql_lbs.a,6074,666,0,16,6740,6740,16
mqtt_packet.c.obj,..\..\components\ql-kernel\libs\libql_mqtt.a,2368,276,0,0,2644,2644,0
ql_mqtt_client.c.obj,..\..\components\ql-kernel\libs\libql_mqtt.a,10516,654,0,16,11170,11170,16
quec_onenet_token.c.obj,..\..\components\ql-kernel\libs\libql_mqtt.a,1216,414,0,0,1630,1630,0
ql_socket.c.obj,..\..\components\ql-kernel\libs\libql_net.a,5344,854,0,94,6198,6198,94
ql_ssl.c.obj,..\..\components\ql-kernel\libs\libql_net.a,6468,859,0,32,7327,7327,32
ql_ntp_client.c.obj,..\..\components\ql-kernel\libs\libql_ntp.a,3988,687,0,12,4675,4675,12
ql_ping_app.c.obj,..\..\components\ql-kernel\libs\libql_ping.a,3428,575,0,12,4003,4003,12
quec_power_mg.c.obj,..\..\components\ql-kernel\libs\libql_power.a,3338,956,220,70,4294,4514,290
ber_tlv_length.c.obj,..\..\components\ql-kernel\libs\libql_tlv.a,192,0,0,0,192,192,0
ber_tlv_tag.c.obj,..\..\components\ql-kernel\libs\libql_tlv.a,220,0,0,0,220,220,0
quec_linklist.c.obj,..\..\components\ql-kernel\libs\libql_urc.a,2084,0,0,0,2084,2084,0
quec_urc.c.obj,..\..\components\ql-kernel\libs\libql_urc.a,4,0,0,2,4,4,2
base64.c.obj,..\..\components\ql-kernel\libs\libql_utils.a,188,65,0,0,253,253,0
data_conversion.c.obj,..\..\components\ql-kernel\libs\libql_utils.a,402,30,0,0,432,432,0
quec_aes.c.obj,..\..\components\ql-kernel\libs\libql_utils.a,228,148,0,0,376,376,0
quec_md5.c.obj,..\..\components\ql-kernel\libs\libql_utils.a,2130,64,0,0,2194,2194,0
quec_sha1.c.obj,..\..\components\ql-kernel\libs\libql_utils.a,246,0,0,0,246,246,0
quec_utf8.c.obj,..\..\components\ql-kernel\libs\libql_utils.a,152,0,108,0,152,260,108
ringbuffer.c.obj,..\..\components\ql-kernel\libs\libql_utils.a,248,0,0,0,248,248,0
quec_init.c.obj,..\..\components\ql-kernel\libs\libquectel.a,456,183,4,4,639,643,8
quec_ver.c.obj,..\..\components\ql-kernel\libs\libquectel.a,0,34,0,0,34,34,0
_aeabi_ldivmod.o,..\..\prebuilts\win32\gcc-arm-none-eabi\gcc-arm-none-eabi-9.2.1\lib\gcc\arm-none-eabi\9.2.1\thumb\v7+fp\hard\libgcc.a,160,0,0,0,160,160,0
_aeabi_uldivmod.o,..\..\prebuilts\win32\gcc-arm-none-eabi\gcc-arm-none-eabi-9.2.1\lib\gcc\arm-none-eabi\9.2.1\thumb\v7+fp\hard\libgcc.a,48,0,0,0,48,48,0
_arm_addsubdf3.o,..\..\prebuilts\win32\gcc-arm-none-eabi\gcc-arm-none-eabi-9.2.1\lib\gcc\arm-none-eabi\9.2.1\thumb\v7+fp\hard\libgcc.a,888,0,0,0,888,888,0
_divsi3.o,..\..\prebuilts\win32\gcc-arm-none-eabi\gcc-arm-none-eabi-9.2.1\lib\gcc\arm-none-eabi\9.2.1\thumb\v7+fp\hard\libgcc.a,688,0,0,0,688,688,0
_dvmd_tls.o,..\..\prebuilts\win32\gcc-arm-none-eabi\gcc-arm-none-eabi-9.2.1\lib\gcc\arm-none-eabi\9.2.1\thumb\v7+fp\hard\libgcc.a,4,0,0,0,4,4,0
_fixdfdi.o,..\..\prebuilts\win32\gcc-arm-none-eabi\gcc-arm-none-eabi-9.2.1\lib\gcc\arm-none-eabi\9.2.1\thumb\v7+fp\hard\libgcc.a,48,0,0,0,48,48,0
_fixunsdfdi.o,..\..\prebuilts\win32\gcc-arm-none-eabi\gcc-arm-none-eabi-9.2.1\lib\gcc\arm-none-eabi\9.2.1\thumb\v7+fp\hard\libgcc.a,64,0,0,0,64,64,0
_udivmoddi4.o,..\..\prebuilts\win32\gcc-arm-none-eabi\gcc-arm-none-eabi-9.2.1\lib\gcc\arm-none-eabi\9.2.1\thumb\v7+fp\hard\libgcc.a,284,0,0,0,284,284,0
_udivsi3.o,..\..\prebuilts\win32\gcc-arm-none-eabi\gcc-arm-none-eabi-9.2.1\lib\gcc\arm-none-eabi\9.2.1\thumb\v7+fp\hard\libgcc.a,632,0,0,0,632,632,0
app_loader.c.obj,lib\libapploader.a,984,131,0,16,1115,1115,16
core_export.o,lib\libapploader.a,132,5544,4,0,5676,5680,4
app_start_8850.c.obj,libappstart.a,1762,331,0,9,2093,2093,9
at_cmd_cfg.c.obj,lib\libatr.a,1240,56,0,9744,1296,1296,9744
at_cmd_cfg_default.c.obj,lib\libatr.a,0,4872,0,0,4872,4872,0
at_device.c.obj,lib\libatr.a,124,0,0,0,124,124,0
at_device_diag.c.obj,lib\libatr.a,324,0,0,0,324,324,0
at_device_uart.c.obj,lib\libatr.a,2308,59,0,0,2367,2367,0
at_device_userial.c.obj,lib\libatr.a,744,31,0,0,775,775,0
at_engine.c.obj,lib\libatr.a,1602,84,0,20,1686,1686,20
at_response.c.obj,lib\libatr.a,152,0,0,0,152,152,0
at_setting.pb.c.obj,lib\libatr.a,0,1420,0,0,1420,1420,0
at_setting_codec.c.obj,lib\libatr.a,3524,0,0,0,3524,3524,0
at_cfw.c.obj,lib\libats.a,4312,1341,4,6977,5653,5657,6981
at_cmd_audio.c.obj,lib\libats.a,20,0,0,68,20,20,68
at_cmd_battery.c.obj,lib\libats.a,306,137,2,0,443,445,2
at_cmd_cc.c.obj,lib\libats.a,570,20,0,1268,590,590,1268
at_cmd_debug.c.obj,lib\libats.a,256,25,0,0,281,281,0
at_cmd_gc.c.obj,lib\libats.a,4660,1059,0,0,5719,5719,0
at_cmd_gprs.c.obj,lib\libats.a,18530,3077,1,273,21607,21608,274
at_cmd_id.c.obj,lib\libats.a,544,24,0,0,568,568,0
at_cmd_iperf.c.obj,lib\libats.a,3384,404,0,272,3788,3788,272
at_cmd_lwm2m_cus.c.obj,lib\libats.a,2,0,0,0,2,2,0
at_cmd_netif.c.obj,lib\libats.a,652,296,0,0,948,948,0
at_cmd_nv.c.obj,lib\libats.a,1116,46,0,0,1162,1162,0
at_cmd_nw.c.obj,lib\libats.a,20192,4064,26,75,24256,24282,101
at_cmd_pbk.c.obj,lib\libats.a,908,19,0,0,927,927,0
at_cmd_sat.c.obj,lib\libats.a,15676,1279,9,738,16955,16964,747
at_cmd_sim.c.obj,lib\libats.a,9798,1559,0,187,11357,11357,187
at_cmd_sms.c.obj,lib\libats.a,6872,1332,74,11,8204,8278,85
at_cmd_ss.c.obj,lib\libats.a,80,56,0,0,136,136,0
at_cmd_ssim.c.obj,lib\libats.a,8,0,0,0,8,8,0
at_cmd_sysnv.c.obj,lib\libats.a,388,1012,0,0,1400,1400,0
at_cmd_vsim.c.obj,lib\libats.a,452,4,0,24,456,456,24
at_cmd_wifi.c.obj,lib\libats.a,784,251,0,0,1035,1035,0
audio_device.c.obj,lib\libaudio.a,66,21,0,38152,87,87,38152
block_device.c.obj,lib\libbdev.a,44,0,0,0,44,44,0
partition_block_device.c.obj,lib\libbdev.a,184,0,0,0,184,184,0
quec_boot_pin_power_domain.c.obj,lib\libboot_ex_spi6nor.a,294,29,0,0,323,323,0
quec_spi6_ext_norflash_cfg.c.obj,lib\libboot_ex_spi6nor.a,1028,285,162,6,1313,1475,168
crypto.c.obj,lib\libcalclib.a,74,0,0,0,74,74,0
sha256_mbedtls.c.obj,lib\libcalclib.a,70,0,0,0,70,70,0
simage.c.obj,lib\libcalclib.a,1122,0,0,0,1122,1122,0
simage_mbedtls.c.obj,lib\libcalclib.a,644,8,0,0,652,652,0
sm3.c.obj,lib\libcalclib.a,796,0,0,352,796,796,352
crc32.c.obj,lib\libcalclib_crc.a,252,1280,0,0,1532,1532,0
cfw_chset.c.obj,lib\libcfw.a,542,0,0,0,542,542,0
cfw_dispatch.c.obj,lib\libcfw.a,828,32,0,4,860,860,4
cfw_event_names.c.obj,lib\libcfw.a,8,1,0,0,9,9,0
cfw_tools.c.obj,lib\libcfw.a,12,0,0,0,12,12,0
cfw_rpc_ap.c.obj,lib\libcfw_core.a,19186,0,0,4,19186,19186,4
cfw_sms_db.c.obj,lib\libcfw_core.a,1640,106,0,0,1746,1746,0
sms_dm_local.c.obj,lib\libcfw_core.a,38,0,0,0,38,38,0
sms_dm_nv.c.obj,lib\libcfw_core.a,1300,39,0,14,1339,1339,14
diag.c.obj,lib\libdiag.a,996,18,0,4128,1014,1014,4128
diag_at.c.obj,lib\libdiag.a,336,0,0,0,336,336,0
diag_camera.c.obj,lib\libdiag.a,750,22,0,60,772,772,60
diag_charge.c.obj,lib\libdiag.a,274,0,0,0,274,274,0
diag_current_test.c.obj,lib\libdiag.a,60,0,0,0,60,60,0
diag_debug_readwrite.c.obj,lib\libdiag.a,502,0,0,2048,502,502,2048
diag_log.c.obj,lib\libdiag.a,44,0,0,0,44,44,0
diag_nvm.c.obj,lib\libdiag.a,800,0,0,516,800,800,516
diag_runmode.c.obj,lib\libdiag.a,456,0,0,0,456,456,0
diag_swver.c.obj,lib\libdiag.a,150,159,0,0,309,309,0
diag_sys.c.obj,lib\libdiag.a,2090,0,0,0,2090,2090,0
layer1_diag.c.obj,lib\libdiag.a,388,0,0,0,388,388,0
camera_bf30a2.c.obj,lib\libdriver.a,1972,531,120,1,2503,2623,121
drv_adc_8850.c.obj,lib\libdriver.a,1840,804,23,10,2644,2667,33
drv_axidma_8850.c.obj,lib\libdriver.a,730,16,0,156,746,746,156
drv_camera.c.obj,lib\libdriver.a,1606,0,0,12,1606,1606,12
drv_debug_ifc_uart.c.obj,lib\libdriver.a,1848,36,0,4,1884,1884,4
drv_debug_port.c.obj,lib\libdriver.a,106,0,0,4,106,106,4
drv_debug_userial.c.obj,lib\libdriver.a,2826,164,696,0,2990,3686,696
drv_debughost.c.obj,lib\libdriver.a,1352,36,0,608,1388,1388,608
drv_efuse_8850.c.obj,lib\libdriver.a,276,72,0,0,348,348,0
drv_gpio_8850.c.obj,lib\libdriver.a,1396,16,0,244,1412,1412,244
drv_gpt_8850.c.obj,lib\libdriver.a,958,115,0,384,1073,1073,384
drv_host_cmd.c.obj,lib\libdriver.a,532,0,0,0,532,532,0
drv_host_cmd_rw.c.obj,lib\libdriver.a,428,0,0,0,428,428,0
drv_i2c.c.obj,lib\libdriver.a,1820,304,0,84,2124,2124,84
drv_ifc.c.obj,lib\libdriver.a,686,272,36,5,958,994,41
drv_ifc_uart.c.obj,lib\libdriver.a,3718,260,8,1,3978,3986,9
drv_ipc_at.c.obj,lib\libdriver.a,388,8,28,0,396,424,28
drv_keypad.c.obj,lib\libdriver.a,530,0,0,12,530,530,12
drv_lcd.c.obj,lib\libdriver.a,1780,76,12,200,1856,1868,212
drv_lcd_st7789h2.c.obj,lib\libdriver.a,1452,40,32,0,1492,1524,32
drv_lcd_st7789v.c.obj,lib\libdriver.a,1448,413,32,0,1861,1893,32
drv_lcd_v2.c.obj,lib\libdriver.a,2536,0,0,64,2536,2536,64
drv_md_nvm.c.obj,lib\libdriver.a,940,253,0,20,1193,1193,20
drv_modem_log_buf.c.obj,lib\libdriver.a,246,27,0,0,273,273,0
drv_pmic_intr_8850.c.obj,lib\libdriver.a,688,0,0,292,688,688,292
drv_ps_path_md.c.obj,lib\libdriver.a,1482,15,0,4532,1497,1497,4532
drv_pwrkey_2720.c.obj,lib\libdriver.a,272,0,0,16,272,272,16
drv_rng.c.obj,lib\libdriver.a,96,0,8,0,96,104,8
drv_rtc.c.obj,lib\libdriver.a,2600,67,0,72,2667,2667,72
drv_rtc.pb.c.obj,lib\libdriver.a,0,120,0,0,120,120,0
drv_rtc_8850.c.obj,lib\libdriver.a,640,0,0,0,640,640,0
drv_serial.c.obj,lib\libdriver.a,654,32,4,320,686,690,324
drv_spi_8850.c.obj,lib\libdriver.a,4112,998,0,449,5110,5110,449
drv_usb_8850.cpp.obj,lib\libdriver.a,1622,27,0,4,1649,1649,4
drv_wdt_uip8850.c.obj,lib\libdriver.a,418,14,0,16,432,432,16
ecm_data.c.obj,lib\libdriver.a,678,33,0,0,711,711,0
f_ecm.c.obj,lib\libdriver.a,1596,179,119,0,1775,1894,119
f_rndis.c.obj,lib\libdriver.a,2084,163,98,0,2247,2345,98
f_serial.c.obj,lib\libdriver.a,982,68,8,0,1050,1058,8
rndis.c.obj,lib\libdriver.a,1644,112,0,0,1756,1756,0
rndis_data.c.obj,lib\libdriver.a,902,37,0,0,939,939,0
udc.c.obj,lib\libdriver.a,376,0,0,512,376,376,512
udc_dwc.c.obj,lib\libdriver.a,6604,131,1,1488,6735,6736,1489
usb_composite_device.c.obj,lib\libdriver.a,2380,51,24,0,2431,2455,24
usb_ether.c.obj,lib\libdriver.a,2870,20,0,0,2890,2890,0
usb_platform_8850.c.obj,lib\libdriver.a,638,0,0,0,638,638,0
usb_serial.c.obj,lib\libdriver.a,3410,94,0,0,3504,3504,0
camera_bf20a6.c.obj,lib\libdriver_camera.a,1966,592,120,1,2558,2678,121
camera_gc0310.c.obj,lib\libdriver_camera.a,3042,1255,120,4,4297,4417,124
camera_gc032a.c.obj,lib\libdriver_camera.a,1954,689,120,1,2643,2763,121
image_sensor.c.obj,lib\libdriver_camera.a,1116,56,17,88,1172,1189,105
drv_charger_8850.c.obj,lib\libdriver_charge.a,3734,211,48,260,3945,3993,308
drv_md_ipc.c.obj,lib\libdriver_core.a,4924,105,0,20,5029,5029,20
drv_lcd_cfg.c.obj,lib\libdriver_lcd.a,220,0,22,0,220,242,22
drv_lcd_gc9305.c.obj,lib\libdriver_lcd.a,1884,40,32,3,1924,1956,35
drv_lcd_st7567a.c.obj,lib\libdriver_lcd.a,680,447,0,0,1127,1127,0
drv_lcd_st7735s.c.obj,lib\libdriver_lcd.a,1544,40,32,0,1584,1616,32
drv_host_cmd_sys.c.obj,lib\libdrv_host.a,1476,0,0,0,1476,1476,0
drv_efuse.c.obj,lib\libefuse_secure.a,150,0,0,4,150,150,4
drv_secure_8850.c.obj,lib\libefuse_secure.a,706,0,2,0,706,708,2
compress_sfile.c.obj,lib\libfs.a,496,6,0,0,502,502,0
sffs_vfs.c.obj,lib\libfs.a,1046,116,0,0,1162,1162,0
vfs.c.obj,lib\libfs.a,3936,18,192,136,3954,4146,328
partinfo.bin.S.obj,lib\libfs_partinfo.a,352,0,0,0,352,352,0
ql_fs_part_info.c.obj,lib\libfs_partinfo.a,16,0,0,0,16,16,0
fs_mount.c.obj,lib\libfsmount.a,1312,38,1,8,1350,1351,9
fupdate_app.c.obj,lib\libfupdate_core.a,1524,94,0,0,1618,1618,0
fupdate_common.c.obj,lib\libfupdate_core.a,1102,64,16,0,1166,1182,16
fupdate_security_app.c.obj,lib\libfupdate_security_app.a,632,107,0,0,739,739,0
fupdate_security_pack.c.obj,lib\libfupdate_security_app.a,532,168,0,1,700,700,1
hal_adi_bus.c.obj,lib\libhal.a,568,68,0,0,636,636,0
hal_blue_screen.c.obj,lib\libhal.a,172,16,94,0,188,282,94
hal_bscore.c.obj,lib\libhal.a,968,8,0,0,976,976,0
hal_chip.c.obj,lib\libhal.a,1086,29,696,0,1115,1811,696
hal_clock_init.c.obj,lib\libhal.a,1604,4,0,0,1608,1608,0
hal_cp_ctrl.c.obj,lib\libhal.a,1004,159,0,0,1163,1163,0
hal_efuse.c.obj,lib\libhal.a,288,0,0,0,288,288,0
hal_efuse_cache.c.obj,lib\libhal.a,1014,0,0,1244,1014,1014,1244
hal_gouda.c.obj,lib\libhal.a,2084,0,5,27,2084,2089,32
hal_hw_map.c.obj,lib\libhal.a,52,1576,0,0,1628,1628,0
hal_hwspinlock.c.obj,lib\libhal.a,166,25,0,0,191,191,0
hal_lzma.c.obj,lib\libhal.a,494,0,0,0,494,494,0
hal_mmu.c.obj,lib\libhal.a,592,32,0,0,624,624,0
hal_pmu.c.obj,lib\libhal.a,6356,288,0,3,6644,6644,3
hal_shmem_region.c.obj,lib\libhal.a,1080,170,0,8,1250,1250,8
hal_iomux.c.obj,lib\libhal_prop.a,1196,1098,1076,9656,2294,3370,10732
ql_hal_spi_flash_prop.c.obj,lib\libhal_prop.a,32,3,504,8,35,539,512
cJSON.c.obj,lib\libjson.a,4154,39,12,8,4193,4205,20
event_groups.c.obj,lib\libkernel.a,536,0,0,0,536,536,0
list.c.obj,lib\libkernel.a,132,0,0,0,132,132,0
osi_boot.c.obj,lib\libkernel.a,2872,13,0,12868,2885,2885,12868
osi_chip.c.obj,lib\libkernel.a,524,11,0,16,535,535,16
osi_clock.c.obj,lib\libkernel.a,690,0,0,40,690,690,40
osi_cxxabi.cpp.obj,lib\libkernel.a,44,0,0,0,44,44,0
osi_freertos.c.obj,lib\libkernel.a,2496,85,0,13108,2581,2581,13108
osi_idle.c.obj,lib\libkernel.a,8,0,0,0,8,8,0
osi_sleep.c.obj,lib\libkernel.a,3578,188,0,28748,3766,3766,28748
osi_sysnv.c.obj,lib\libkernel.a,844,16,14,25,860,874,39
osi_sysnv.pb.c.obj,lib\libkernel.a,0,210,0,0,210,210,0
osi_time.c.obj,lib\libkernel.a,1386,12,0,24,1398,1398,24
port.c.obj,lib\libkernel.a,260,8,0,12,268,268,12
portASM.S.obj,lib\libkernel.a,700,0,0,0,700,700,0
queue.c.obj,lib\libkernel.a,1942,0,0,0,1942,1942,0
tasks.c.obj,lib\libkernel.a,4954,5,4,1276,4959,4963,1280
timers.c.obj,lib\libkernel.a,802,8,0,220,810,810,220
panel_gc9305.c.obj,lib\liblcdpanel.a,1150,55,0,0,1205,1205,0
panel_gc9306.c.obj,lib\liblcdpanel.a,1150,91,0,0,1241,1241,0
def.c.obj,lib\liblwip.a,66,0,0,0,66,66,0
dhcp.c.obj,lib\liblwip.a,6118,721,0,63,6839,6839,63
dns.c.obj,lib\liblwip.a,7610,699,0,2659,8309,8309,2659
err.c.obj,lib\liblwip.a,60,445,0,0,505,505,0
etharp.c.obj,lib\liblwip.a,1684,278,0,241,1962,1962,241
ethernet.c.obj,lib\liblwip.a,580,108,0,0,688,688,0
icmp.c.obj,lib\liblwip.a,1068,192,0,0,1260,1260,0
icmp6.c.obj,lib\liblwip.a,852,169,0,0,1021,1021,0
if_api.c.obj,lib\liblwip.a,4,0,0,0,4,4,0
inet_chksum.c.obj,lib\liblwip.a,494,0,0,0,494,494,0
init.c.obj,lib\liblwip.a,38,0,0,0,38,38,0
ip.c.obj,lib\liblwip.a,90,24,0,68,114,114,68
ip4.c.obj,lib\liblwip.a,2220,103,0,6,2323,2323,6
ip4_addr.c.obj,lib\liblwip.a,638,99,0,16,737,737,16
ip4_frag.c.obj,lib\liblwip.a,2616,446,0,7,3062,3062,7
ip4_nat.c.obj,lib\liblwip.a,6476,1210,0,20,7686,7686,20
ip6.c.obj,lib\liblwip.a,4558,92,0,0,4650,4650,0
ip6_addr.c.obj,lib\liblwip.a,836,32,0,40,868,868,40
ip6_frag.c.obj,lib\liblwip.a,2692,311,0,11,3003,3003,11
mem.c.obj,lib\liblwip.a,140,114,0,0,254,254,0
memp.c.obj,lib\liblwip.a,230,579,0,0,809,809,0
mld6.c.obj,lib\liblwip.a,1368,0,0,1,1368,1368,1
nd6.c.obj,lib\liblwip.a,7268,132,8,1540,7400,7408,1548
netdb.c.obj,lib\liblwip.a,1098,0,0,317,1098,1098,317
netif.c.obj,lib\liblwip.a,3290,939,0,409,4229,4229,409
pbuf.c.obj,lib\liblwip.a,2790,911,0,1,3701,3701,1
raw.c.obj,lib\liblwip.a,1984,234,0,4,2218,2218,4
sockets.c.obj,lib\liblwip.a,23596,3542,12,724,27138,27150,736
tcp.c.obj,lib\liblwip.a,9834,2227,6,27,12061,12067,33
tcp_in.c.obj,lib\liblwip.a,10464,1015,0,58,11479,11479,58
tcp_out.c.obj,lib\liblwip.a,8042,1829,0,0,9871,9871,0
tcpip.c.obj,lib\liblwip.a,460,205,0,8,665,665,8
timeouts.c.obj,lib\liblwip.a,196,209,0,4,405,405,4
udp.c.obj,lib\liblwip.a,5028,710,2,4,5738,5740,6
lz4.c.obj,lib\liblz4.a,3528,64,0,0,3592,3592,0
lz4lite.c.obj,lib\liblz4.a,162,0,0,0,162,162,0
mal_cfw.c.obj,lib\libmal.a,316,0,0,0,316,316,0
mal_engine.c.obj,lib\libmal.a,340,86,0,4,426,426,4
arc4.c.obj,lib\libmbedtls.a,164,0,0,0,164,164,0
asn1parse.c.obj,lib\libmbedtls.a,968,0,0,0,968,968,0
asn1write.c.obj,lib\libmbedtls.a,608,0,0,0,608,608,0
base64.c.obj,lib\libmbedtls.a,588,0,0,0,588,588,0
bignum.c.obj,lib\libmbedtls.a,8758,672,0,0,9430,9430,0
blowfish.c.obj,lib\libmbedtls.a,934,4168,0,0,5102,5102,0
camellia.c.obj,lib\libmbedtls.a,2224,1304,0,0,3528,3528,0
ccm.c.obj,lib\libmbedtls.a,1082,0,0,0,1082,1082,0
chacha20.c.obj,lib\libmbedtls.a,1092,0,0,0,1092,1092,0
chachapoly.c.obj,lib\libmbedtls.a,746,0,0,0,746,746,0
cipher.c.obj,lib\libmbedtls.a,2276,0,0,0,2276,2276,0
cipher_wrap.c.obj,lib\libmbedtls.a,762,3335,0,0,4097,4097,0
constant_time.c.obj,lib\libmbedtls.a,1436,0,0,0,1436,1436,0
ctr_drbg.c.obj,lib\libmbedtls.a,1082,0,0,0,1082,1082,0
des.c.obj,lib\libmbedtls.a,3250,2176,0,0,5426,5426,0
dhm.c.obj,lib\libmbedtls.a,1374,0,0,0,1374,1374,0
ecdh.c.obj,lib\libmbedtls.a,808,0,0,0,808,808,0
ecdsa.c.obj,lib\libmbedtls.a,1574,17,0,0,1591,1591,0
ecdsa_sm2.c.obj,lib\libmbedtls.a,532,192,4,0,724,728,4
ecp.c.obj,lib\libmbedtls.a,7000,1080,0,30,8080,8080,30
ecp_curves.c.obj,lib\libmbedtls.a,5786,2276,28,0,8062,8090,28
entropy.c.obj,lib\libmbedtls.a,690,0,0,0,690,690,0
entropy_poll.c.obj,lib\libmbedtls.a,70,0,0,0,70,70,0
gcm.c.obj,lib\libmbedtls.a,1690,128,0,0,1818,1818,0
havege.c.obj,lib\libmbedtls.a,3632,0,0,0,3632,3632,0
hmac_drbg.c.obj,lib\libmbedtls.a,708,0,0,0,708,708,0
mbed_aes.c.obj,lib\libmbedtls.a,4400,0,0,8748,4400,4400,8748
mbed_debug.c.obj,lib\libmbedtls.a,1406,190,0,4,1596,1596,4
mbed_sha256.c.obj,lib\libmbedtls.a,2416,256,0,0,2672,2672,0
md.c.obj,lib\libmbedtls.a,1096,126,0,0,1222,1222,0
md5.c.obj,lib\libmbedtls.a,2730,0,0,0,2730,2730,0
net_sockets.c.obj,lib\libmbedtls.a,1424,0,0,0,1424,1424,0
oid.c.obj,lib\libmbedtls.a,906,4316,0,0,5222,5222,0
pem.c.obj,lib\libmbedtls.a,1384,150,0,0,1534,1534,0
pk.c.obj,lib\libmbedtls.a,734,27,0,0,761,761,0
pk_wrap.c.obj,lib\libmbedtls.a,714,236,0,0,950,950,0
pkcs12.c.obj,lib\libmbedtls.a,1160,0,0,0,1160,1160,0
pkcs5.c.obj,lib\libmbedtls.a,794,10,0,0,804,804,0
pkparse.c.obj,lib\libmbedtls.a,3438,291,0,0,3729,3729,0
pkwrite.c.obj,lib\libmbedtls.a,520,0,0,0,520,520,0
platform.c.obj,lib\libmbedtls.a,56,0,8,0,56,64,8
platform_util.c.obj,lib\libmbedtls.a,44,0,4,0,44,48,4
poly1305.c.obj,lib\libmbedtls.a,1488,0,0,0,1488,1488,0
ripemd160.c.obj,lib\libmbedtls.a,5804,64,0,0,5868,5868,0
rsa.c.obj,lib\libmbedtls.a,6826,0,0,0,6826,6826,0
rsa_internal.c.obj,lib\libmbedtls.a,1520,55,0,0,1575,1575,0
sha1.c.obj,lib\libmbedtls.a,4520,0,0,0,4520,4520,0
sha512.c.obj,lib\libmbedtls.a,4500,640,0,0,5140,5140,0
ssl_ciphersuites.c.obj,lib\libmbedtls.a,214,10858,0,596,11072,11072,596
ssl_cli.c.obj,lib\libmbedtls.a,11482,5202,0,0,16684,16684,0
ssl_msg.c.obj,lib\libmbedtls.a,15542,7154,0,0,22696,22696,0
ssl_srv.c.obj,lib\libmbedtls.a,11236,4328,0,0,15564,15564,0
ssl_tls.c.obj,lib\libmbedtls.a,13036,2879,51,0,15915,15966,51
timing.c.obj,lib\libmbedtls.a,190,0,0,20,190,190,20
version.c.obj,lib\libmbedtls.a,6,0,0,0,6,6,0
x509.c.obj,lib\libmbedtls.a,2402,69,0,0,2471,2471,0
x509_crt.c.obj,lib\libmbedtls.a,6844,2216,0,0,9060,9060,0
ml.c.obj,lib\libml.a,378,0,0,4,378,378,4
ml_cp936.c.obj,lib\libml.a,216,15920,24,0,16136,16160,24
ml_gsm.c.obj,lib\libml.a,236,532,24,0,768,792,24
ml_ira.c.obj,lib\libml.a,60,0,24,0,60,84,24
ml_iso8859_1.c.obj,lib\libml.a,46,0,24,0,46,70,24
ml_utf16.c.obj,lib\libml.a,300,0,48,0,300,348,48
ml_utf8.c.obj,lib\libml.a,370,0,24,0,370,394,24
pb_common.c.obj,lib\libnanopb.a,204,0,0,0,204,204,0
pb_decode.c.obj,lib\libnanopb.a,2946,361,0,0,3307,3307,0
pb_encode.c.obj,lib\libnanopb.a,1746,193,0,0,1939,1939,0
pb_util.c.obj,lib\libnanopb.a,204,0,0,0,204,204,0
cfw_sockets_api.c.obj,lib\libnet.a,2172,70,0,384,2242,2242,384
lwip_data_event.c.obj,lib\libnet.a,484,0,0,8,484,484,8
lwipports.c.obj,lib\libnet.a,946,0,0,24,946,946,24
nd6_reply.c.obj,lib\libnet.a,496,0,0,0,496,496,0
netdev_interface.c.obj,lib\libnet.a,1306,165,44,1,1471,1515,45
netdev_interface_nat_lan.c.obj,lib\libnet.a,292,0,0,28,292,292,28
netif_gprs.c.obj,lib\libnet.a,1484,64,0,5546,1548,1548,5546
netif_nat_lan_lwip.c.obj,lib\libnet.a,1304,113,0,5544,1417,1417,5544
netif_nat_wan.c.obj,lib\libnet.a,2400,116,0,0,2516,2516,0
netif_psm.c.obj,lib\libnet.a,1588,88,0,4,1676,1676,4
netmain.c.obj,lib\libnet.a,774,88,0,4,862,862,4
netutils.c.obj,lib\libnet.a,106,0,0,0,106,106,0
nonip.c.obj,lib\libnet.a,392,0,0,224,392,392,224
ppp_interface.c.obj,lib\libnet.a,2,0,0,0,2,2,0
nvm.c.obj,lib\libnvm.a,1696,1606,0,0,3302,3302,0
nvm_deltanv.c.obj,lib\libnvm.a,1226,614,1,3,1840,1841,4
nvm_imei.c.obj,lib\libnvm.a,208,0,0,0,208,208,0
quec_customer_cfg.c.obj,lib\liboql_core_drv.a,0,432,52,1,432,484,53
quec_internal_cfg.c.obj,lib\liboql_core_drv.a,0,249,258,0,249,507,258
quec_pin_cfg_EC800G.c.obj,lib\liboql_core_drv.a,0,1147,0,0,1147,1147,0
quec_pin_init.c.obj,lib\liboql_core_drv.a,248,20,0,0,268,268,0
quec_virt_func_bsp.c.obj,lib\liboql_core_virt_func.a,120,0,0,11,120,120,11
quec_virt_func_bt.c.obj,lib\liboql_core_virt_func.a,40,0,0,0,40,40,0
quec_virt_func_modem.c.obj,lib\liboql_core_virt_func.a,96,0,0,5,96,96,5
quec_virt_func_proto_stack.c.obj,lib\liboql_core_virt_func.a,224,0,0,0,224,224,0
base41.c.obj,lib\libosi_core.a,244,70,0,0,314,314,0
cyphertext.c.obj,lib\libosi_core.a,536,19,0,0,555,555,0
osi_mem.c.obj,lib\libosi_core.a,3298,0,0,69,3298,3298,69
osi_timer.c.obj,lib\libosi_core.a,3364,7,0,56,3371,3371,56
osi_blocked_fifo.c.obj,lib\libosi_lib.a,1300,0,0,0,1300,1300,0
osi_event_hub.c.obj,lib\libosi_lib.a,780,70,0,0,850,850,0
osi_fifo.c.obj,lib\libosi_lib.a,302,0,0,0,302,302,0
osi_hdlc.c.obj,lib\libosi_lib.a,658,0,0,0,658,658,0
osi_log.c.obj,lib\libosi_lib.a,1700,55,0,85,1755,1755,85
osi_mem_record.c.obj,lib\libosi_lib.a,72,4,0,8196,76,76,8196
osi_mem_recycler.c.obj,lib\libosi_lib.a,128,0,0,0,128,128,0
osi_pipe.c.obj,lib\libosi_lib.a,594,0,0,0,594,594,0
osi_trace.c.obj,lib\libosi_lib.a,1396,0,0,65912,1396,1396,65912
osi_vsmap.c.obj,lib\libosi_lib.a,116,0,0,0,116,116,0
osi_work.c.obj,lib\libosi_lib.a,898,18,0,12,916,916,12
ql_atcmd_handler.c.obj,lib\libql_open_at.a,224,116,0,0,340,340,0
quec_spi_nor_flash_prop.c.obj,lib\libql_spi4_nor_prop.a,24,0,160,0,24,184,160
antiregl.c.obj,lib\librpc_core.a,1422,257,1,4,1679,1680,5
rpc_aud.c.obj,lib\librpc_core.a,20,0,0,0,20,20,0
rpc_daemon.c.obj,lib\librpc_core.a,1568,309,0,8,1877,1877,8
rpc_dispatch_ap.c.obj,lib\librpc_core.a,136,24556,0,0,24692,24692,0
rpc_hello_ap.c.obj,lib\librpc_core.a,6,0,0,0,6,6,0
srv_fs_trace.c.obj,lib\libservice.a,3482,361,0,20,3843,3843,20
srv_keypad.c.obj,lib\libservice.a,676,0,0,4,676,676,4
srv_pm.c.obj,lib\libservice.a,1514,126,0,5,1640,1640,5
srv_pm_main.c.obj,lib\libservice.a,112,0,0,4,112,112,4
srv_rc26m_calib.c.obj,lib\libservice.a,188,0,0,4,188,188,4
srv_sim_detect.c.obj,lib\libservice.a,572,36,0,40,608,608,40
srv_usb_8850.c.obj,lib\libservice.a,116,0,0,0,116,116,0
srv_wdt.c.obj,lib\libservice.a,146,0,8,0,146,154,8
antiaes.c.obj,lib\libsffs_core.a,12,256,0,0,268,268,0
flash_block_device_v2.c.obj,lib\libsffs_core.a,2914,20,0,0,2934,2934,0
LzFind.c.obj,lib\libsffs_core.a,3142,0,0,0,3142,3142,0
LzmaEnc.c.obj,lib\libsffs_core.a,9252,192,0,0,9444,9444,0
lzmar.c.obj,lib\libsffs_core.a,274,0,8,0,274,282,8
sffs.c.obj,lib\libsffs_core.a,10802,0,0,0,10802,10802,0
sha256.c.obj,lib\libsffs_core.a,7626,0,64,0,7626,7690,64
sm4.c.obj,lib\libsffs_core.a,670,384,0,0,1054,1054,0
lib_a-environ.o,..\..\components\newlib\newlib-3.1.0\armca5\libc.a,0,0,4,4,0,4,8
quec_boot_pin_map.c.obj,lib\libboot_ex_ql_pin.a,0,0,248,1,0,248,249
panel_desc.c.obj,lib\liblcdpanel.a,0,0,12,0,0,12,12
ql_freertos_config.c.obj,lib\libql_kernel_cfg.a,0,0,1,0,0,1,1
hal_build_revision.c.obj,lib\libhal.a,0,0,62,0,0,62,62
vectors.S.obj,lib\libkernel.a,0,0,0,0,0,0,0
